Show_Title,YouTube Playlist Link,Number of Episodes,Show_Description,Year,URL_Picture,IMDb Rating,Runtime (mins),Title Type
دروب ريمي,https://www.youtube.com/playlist?list=PLLwjNsSz9xNmHf6pvr8_uhM2sa_c3iyai,26,ريمي هي فتاة من عائلة نبيلة فقدتها والدتها وهي طفلة رضيعة وربتها امرأة فقيرة على أنها ابنتها، ثم تكبر ريمي وتعرف الحقيقة، ويحاول زوج أمها أن يبيعها لحاجته للنقود، فتهرب ريمي مع فيتاليس الذي يعمل مع حيواناته الأليفة كفرقة غنائية جوالة، وتنضم إليهم كعضوة في الفرقة، وفي نفس الوقت تبحث عن أمها الحقيقية. وبالفعل تلتقي ريمي بأمها لكن دون أن تعلم أن هذه المرأة هي أمها الحقيقية، وبعد أن تبتعد عنها في تجوالها تعلم ذلك وتعود للبحث ثانية، كما أن أمها أيضا تعلم بالحقيقة وهي بعيدة عنها، ثم يكون اللقاء.,1996.0,https://upload.wikimedia.org/wikipedia/ar/0/0b/Remi.jpg,8.3,24.0,TV Series
قصص العجائب في القرآن,https://www.youtube.com/playlist?list=PLtJHck8XtiTc57SVm6vweTa7-LM_wMO-1,52,تبدأ أحداث المسلسل من حيث انتهى مسلسل «قصص النساء في القرآن» الذي عرض خلال شهر رمضان 2013، حيث تتزوج «سلمى» ابنة القاضي الذي يجسد شخصيته الفنان يحيى الفخراني، وتنجب «سلمى» طفلين توأم «صفاء وصفي الدين»، إلا أن القاضي يكتشف أن حفيديه لديهما بعض الصفات التي لا تروق له، فيقرر أن يفرغ لهما من وقته قدر المستطاع لكي يحكى لهما بعض القصص من عجائب القرآن حتى يزرع فيهما القيم الإسلامية والأخلاق النبيلة.,2014.0,https://upload.wikimedia.org/wikipedia/ar/c/c8/Wondrous_Stories_from_the_Quran_Poster.jpg,,,TV Series
المحقق كونان - الجزء العاشر,https://www.youtube.com/playlist?list=PLbwI0LE0f2MGzxK54uo0JHESxDoYNQBQW,35,تبدأ القصة بظهور الشخصية الرئيسية سينشي كودو ذو السبعة عشر عامًا، وهو طالب في المدرسة الثانوية ومتحرٍ يساعد الشرطة والمفتش ميغوري في حل بعض القضايا، مشهور بذكائه وعبقريته التي تُفاجئ الجميع باستنتاجات تخالف التوقعات. وفي يوم من أيام العطلة خرج مع صديقة طفولته ران موري إلى مدينة الملاهي، وحدثت جريمة قتل داخل الأفعوانية وحلها كالعادة بذكائه ومهارته، وبينما كانوا هناك لمح سينشي كودو رجلًا ذو ملابس سوداء يقوم بعملية ابتزاز. فأراد معرفة القصة، فما لبث إلا أن ضُرب من الخلف وسقط مغشيًا عليه، ومن ثم أُجبر على تناول عقار جديد، لم يستخدم من قبل إلا على الفئران وظن الرجل ذو اللباس الأسود أنه سيقتله ولن يترك فيه أثرًا للتسمم لكن العقار السام تسبب في تقلص جسده ليصبح فتًى في السابعة من عمره. تلك الحادثة التي وقعت في مدينة الملاهي تسببت بولادة بطل المسلسل كونان إدوغاوا وتغير حياة سينشي كودو.,1994.0,https://upload.wikimedia.org/wikipedia/ar/d/d7/Conan-cover.jpg,,,TV Series
باتمان,https://www.youtube.com/playlist?list=PL6slfGhSgd7eo8OWZ3I_-j9DF-cDLG7fJ,42,"هو الثري «بروس وين» صاحب الملايين وصاحب شركات وين. قتل والداه منذ صغره في حادثة سرقة حدثت أمام عينه. مما دفعه لتنمية قدراته الجسمانية والعقلية واتخذ الوطواط شعارا له ليحارب الجريمة.على عكس جميع الأبطال الخياليين لا يمتلك باتمان أي قدرات خارقة للطبيعة ولكنه يستخدم التكنولوجيا والعلم وذكاءه وثروته وقوته الجسمانية في حربه ضد الجريمة.
يحارب باتمان في المدينة الخيالية غوثام. ويساعده العديد من الشخصيات مثل شريكه في محاربة الجريمة روبن وخادمه ألفريد ومفوض الشرطة جيم جوردون والمرأة الوطواط، أما أعداؤه فهم الجوكر والبطريق وذو الوجهين وريدلر ورأس الغول، توفر قصص باتمان كغيرها من القصص المصورة مساحات كافية من الخيال قصد التوسع في مواقفها واستلهام بطولاتها وسلوكياتها والاقتداء بقدراتها ومهاراتها.",1992.0,https://upload.wikimedia.org/wikipedia/ar/a/a7/Batman_Lee.png,9.0,23.0,TV Series
داي الشجاع,https://www.youtube.com/playlist?list=PL-R7lpMU6A-WA7e2xayLjxR3FldWesxwK,92,"تبدأ الأحداث بأن يتذكر طفل صغير إسمه داي قصة أخبره بها جده الذي تبناه وهو ساحر الوحش برأس واحد، تحكي القصة عن هزيمة رئيس الشياطين هيدلر على يدي بطل يدعى آفان. وبهزيمة هيدلر تحررت كل الوحوش من إرادته الشريرة وعاد السلام ليمسك بمقاليد الحكم في العالم لعشر سنوات قادمة. بعض الشياطين والوحوش ذهبت إلى جزيرة ديلمورين لتعيش بسلام. داي بطل المسلسل الصغير هو البشري الوحيد الذي يعيش على الجزيرة. لقد تمت تنشئته من قبل ساحر الوحوش العطوف القلب براس ومعه الوحش جوم، داي كان يحلم دائما بأن يصبح بطلا.
القصة الحقيقية تبدأ حينما يصل شخص مميز إلى الجزيرة لمقابلة داي، وهو آفان، معام أبطال جاء ليدرب داي بناء على طلب ليونا وهي أميرة سبق وأن أنقذها داي. آفان عرض على داي أسبوعا كاملا من التدريب من شأنه أن يصنع منه بطلا. وبعد أن تعلم اثنين فقط من أصل ثلاثة تقنيات من تقنيات السيف من آفان، انقطع تدريبه بسبب هيدلر الذي كان الجميع يعتقدون بأنه ميت. أعلن هيدلر بأنه يعمل الآن لصالح رئيس شياطين أقوى بكثير وهو الذي أعاد إحياء هيدلر، إنه رئيس الشياطين الأعظم فيرن. وبسبب ضعفه لاستخدامه الأسحار لمساعدة داي في تدريباته لم يتمكن آفان من مواجهة هدلر. لذا ومن أجل حماية تلميذه وتدمير هدلر بنفس الوقت، استدعى سحرا يدعى «ميغانتي» (التضحية) وهو يتطلب لتنفيذه استهلاك روح مستدعي هذا السحر. لكن السحر لم يتمكن من تدمير ملك الشياطين كما توقع آفان، ومن ثم هرب داي وبراس وبوب وجوم ليعيلوا أنفسهم. والطريقة الوحيدة لفوزهم هي إيقاظ القوة المخفية داخل داي التي تظهر عندما يبدو على جبهة داي رمز غريب. يقرر داي أن يسافر هو وبوب من أجل هزيمة رئيس الشياطين هيدلر وزعيمه لإعادة السلام للعالم.",1991.0,https://upload.wikimedia.org/wikipedia/ar/9/9d/DragonquestTheAdventureOfDai_vol1_Cover.jpg,7.8,30.0,TV Series
بي بليد المعركة الحديدية الموسم الاول,https://www.youtube.com/playlist?list=PLRvKPYwL3XxKym1HdFrT0bXDjD-Q1lcTk,51,الشخصية الرئيسية هي ولد شعره أحمر واسمه (ginga) وينطق غنغا ومعناها مجرة باليابانية. تتميز هذه البلابل الجديدة بان الجزء الذي يلتحم بالبلبل الآخر عند القتال مصنوع من المعادن! واسمه باللغة العربية يمان، واسم بلبله الحصان المجنح، ويذهب إلى مدينة حيث يلتقي بصديق اسمه ربيع ويلعب بالبلبل قوس اللهب، ويساعده حينما تحيط به عصابة جامعي النقاط بقيادة كمال، إلا أن يمان يقوم بإنقاذه، ومن ثم يخوض معركة ضد عصابة جامعي النقاط، فيهزمهم، وبعدها يتحداه قائدهم كمال الذي يملك الليث الضاري(اسم بلبه)ويواجهه يمان في مواجهة قوية وبعد ذلك يفوز يمان,2008.0,https://mhbfansub.wordpress.com/wp-content/uploads/2012/05/mfbb-1.jpg,,,TV Series
بي بليد المعركة الحديدية الموسم الثاني,https://www.youtube.com/playlist?list=PLRvKPYwL3XxKwQXel6k4PvFlgDbSoLKRj,32,الشخصية الرئيسية هي ولد شعره أحمر واسمه (ginga) وينطق غنغا ومعناها مجرة باليابانية. تتميز هذه البلابل الجديدة بان الجزء الذي يلتحم بالبلبل الآخر عند القتال مصنوع من المعادن! واسمه باللغة العربية يمان، واسم بلبله الحصان المجنح، ويذهب إلى مدينة حيث يلتقي بصديق اسمه ربيع ويلعب بالبلبل قوس اللهب، ويساعده حينما تحيط به عصابة جامعي النقاط بقيادة كمال، إلا أن يمان يقوم بإنقاذه، ومن ثم يخوض معركة ضد عصابة جامعي النقاط، فيهزمهم، وبعدها يتحداه قائدهم كمال الذي يملك الليث الضاري(اسم بلبه)ويواجهه يمان في مواجهة قوية وبعد ذلك يفوز يمان,2010.0,https://mhbfansub.wordpress.com/wp-content/uploads/2012/05/mfbb-1.jpg,,,TV Series
دراغون بول,https://www.youtube.com/playlist?list=PL94ihnFUTFV2R1gK4y_S2IEzyFKnXbA1j,24,هي سلسلة إعلامية ابتكرها أكيرا تورياما. المانغا الأصلية كتبها ورسمها تورياما ونُشرت في شونين جمب الأسبوعية من عام 1984 حتى عام 1995، وتحتوي 519 فصل و42 مجلد تانكوبون وتنشرها شوئيشا. دراغون بول مستوحاة من الرواية الصينية التقليدية رحلة إلى الغرب. تحكي القصة عن مغامرات سون غوكو منذ طفولته حتى بلوغه بينما يتمرن على الفنون القتالية ويستكشف العالم باحثًا الأجرام السماوية السبعة المسماة كرات التنين والتي تستدعي تنين يمنح الأمنيات عند جمعها. أثناء رحلته، غوكو يصادق العديد من الأصدقاء ويحارب مجموعة متنوعة من الأشرار، كثير منهم يسعون إلى كرات التنين أيضًا.,1986.0,https://upload.wikimedia.org/wikipedia/ar/f/f1/%D9%85%D9%84%D8%B5%D9%82_%D8%AF%D8%B1%D8%A7%D8%BA%D9%88%D9%86_%D8%A8%D9%88%D9%84_%D8%B3%D9%88%D8%A8%D8%B1.jpg,8.5,25.0,TV Series
دراغون بول زاد,https://www.youtube.com/playlist?list=PLKBBI7bcC9Kfza-OhrtspNh4PB8reORmn,75,تبدأ القصة بعد مرور 5 سنوات على هزيمة بيكولو جونيور وثم أتى شخص يدعى رادتز إلى الأرض للبحث عن أخوه غوكو ويخبر غوكو أن إسمه كاكاروت وأنه من السايان وولد في كوكب فيجيتا ولكن قام والده بنقله إلى كوكب الأرض لكي لا يموت أثناء إنفجار كوكب فيجيتا ويقول رادتز لغوكو بالانضمام إليه ولكن غوكو يرفض وثم يقوم راتدز بخطف غوهان إبن غوكو وثم يتحالف غوكو وبيكولو ضد رادتز.,1989.0,https://upload.wikimedia.org/wikipedia/ar/6/62/%D9%85%D9%84%D8%B5%D9%82_%D8%AF%D8%B1%D8%A7%D8%BA%D9%88%D9%86_%D8%A8%D9%88%D9%84_%D8%B2%D8%AF.jpg,8.8,24.0,TV Series
سندباد,https://www.youtube.com/playlist?list=PLzYI3ce5wtDbXBld3IccZyBi0co1wT3Oi,54,"سندباد بطل المسلسل هو ابن التاجر هيثم أحد التجار المشهورين في مدينة بغداد، له صديق اسمه حسن (يفترض أنه الشاطر حسن) وهو فتى فقير يوزع جرار الماء. يتسلل سندباد مع صديقه حسن إلى الحفل المقام بقصر والي بغداد، وهناك يرى عروض سحرية وبهلوانية مبهرة من عارضين عدة من أنحاء العالم، ومن هنا يقرر سندباد أن يرحل ليرى العالم الواسع مع عمه كثير الترحال علي الذي أحضر له طائراً يتكلم، هذا الطائر هو ياسمينة التي تشارك سندباد بطولة كل الحلقات.
يهرب سندباد ويبحر مع عمه علي، لكنه ينفصل عن عمه بسبب حوت رست السفينة على ظهره ظناً من البحارة أنه جزيرة. تبدأ مغامرات سندباد وحده مع طائره المتكلم ياسمينة. يتعرض سندباد لعدة مواقف منها المثير والمخيف ويواجه مخلوقات غريبة مثل طائر العنقاء العملاق والمارد العملاق ذا اللون الأخضر الذي يأكل البشر.
يتعرف سندباد على صديقين هما علي بابا وهو شاب يعمل لدى اللصوص يجيد استعمال الخنجر والحبل، يقرر ترك حياة اللصوص والانضمام إلى سندباد حباً في المغامرات، انضم للمغامرات ابتداء من المغامرة 19 | علي بابا واللصوص، والعم علاء الدين وهو شيخ كبير بالسن، لكنه يهوى المغامرات ويلتحق بسندباد ابتداء من المغامرة 23 | وحش النهر حتى نهاية المغامرات، ويصبحون ثلاثي من المغامرين ويواجهون بعض المصاعب مع المشعوذين بولبا والعجوز ميساء وغيرهم، لكن في كل مرة يتمكن الخير من الانتصار على الشر بذكاء سندباد وحكمة علاء الدين وإقدام علي بابا يتمكنون من التغلب على المشعوذين ومن ثم التغلب على زعيمهم الجني الأزرق وتابعته الشريرة، المرأة التي لها ظل بقرة (زغل).",1975.0,https://upload.wikimedia.org/wikipedia/ar/1/1c/%D8%B3%D9%86%D8%AF%D8%A8%D8%A7%D8%AF_%28%DA%A9%D8%A7%D8%B1%D8%AA%D9%88%D9%86%29.jpg,7.8,24.0,TV Series
القناص,https://www.youtube.com/watch?v=MqrkSgaibRM&list=PLUKnjMSgTN4ThxsKcERf8tTo0WT8PsePE,70,"تبدأ القصة باكتشاف غون أن والده لا يزال حياً من قبل صياد غريب قدم إلى قريته، فانطلق في رحلة للبحث عن أبيه والحصول على رخصة الصيد عبر دخوله لامتحان الصيادين، متجاوزاً الصعاب العديدة التي كانت تواجهه بمساعدة أصدقائه الذين التقى بهم خلال رحلته.

تتميز القصة بحبكة فريدة من نوعها، وباعتمادها على بعضاً من الأخلاقيات كأساس لها، مثل الشجاعة والصداقة. كذلك، تنقسم القصة إلى عدة أجزاء، كل منها يمثل مرحلة معينة، تتميز باختلافها عن باقي الأجزاء، وبارتباطها معاً في الآن نفسه.",1999.0,https://www.arabic-toons.com/images/anime/cat_1407653461.jpg,8.6,23.0,TV Series
الكابتن ماجد,https://www.youtube.com/playlist?list=PLJpXRPW9OYtEc7ZI21sbXVtaONIg2mnwo,52,مسلسل أنيمي وسلسلة ألعاب يابانية مشهورة، وتحكي قصة البطل ماجد كامل الذي حلم بان يكون فريق كرة قدم منذ طفولته ليصل بهم إلى بطولة كاس العالم، وتركز على شخصية ماجد كامل. وقد صدر ألعاب فلاش الأنمي باللغة العربية وأحدث ضجة لفترة طويلة، ويعد من أفضل الأنميات في مجال الرياضة,1994.0,https://encrypted-tbn0.gstatic.com/images?q=tbn:ANd9GcQu-1dECJWHM9NHbo4Fa-1EIkG_xR0gu85HWA&s,7.6,24.0,TV Series
روبن هود,https://www.youtube.com/playlist?list=PL8t6zYIrwskTxpGM-00oq2iw8VIU-W85O,53,تعكس قصص روبن هود الأفكار والعادات والتقاليد التي كانت سائدة في إنجلترا في القرون الوسطى.كان المجتمع الإنجليزي آنذاك يضم فئة قليلة من الأسياد الأثرياء وفئة كبيرة من الفقراء. وثمة فئة الخارجين على القانون. وكل فئة من هذه الفئات لها قيم وعادات خاصة بها. كان روبن هود رجلا خارجاً عن القانون، كان يعيش مع أنصاره في غابات شيروود الملكية، واشتهر بشجاعته وفروسيته وبإسراعه إلى مساعدة المحتاجين ومناصرة المظلومين عندما يكونون في حال خصام مع الأسياد الذين يستخدمون السلطة بطريقة غير عادلة ولا شرعية.,1990.0,https://encrypted-tbn0.gstatic.com/images?q=tbn:ANd9GcREZA8M22cQGvdjiavnxIy6cVSBY0trdqY6zg&s,7.3,24.0,TV Series
الماسة الزرقاء,https://www.youtube.com/playlist?list=PLHyxz_IC2DtItJVTxm8vdMg_BOph4uW6p,39,"ناديا شابة من أصول مجهولة وجين مخترع فرنسي شاب يعيشان في العام 1889 والذي يمثل ذروة الاكتشافات التقنية، ويواجهان خصماً يدعى غارغولين مهووس بإعادة إحياء إمبراطورية أطلانطس الغارقة وفق مخطط شرير يهدف من وراءه للهيمنة على العالم. وبمساعدة جين والنقيب نيمو قائد الغواصة “ناوتيليوس” تكافح ناديا بكل قواها لحماية العالم من شرور غارغولين وإمبراطوريته الجديدة.

الماسة الزرقاء هي عبارة عن ماسة صغيرة، صنعتها الحضارة القديمة لدولة أطلانتس، وتتوارثها الأسرة الحاكمة، هناك اثنتين منها فقط، واحدة عند (رولا)، وأخرى عند أبيها القبطان (عامر)، وهي غامضة جدا وتملك قدرات هائلة، ومهما عرفت عنها، ستظل غامضة، فهي إذا كانت بين كفي (رولا) تضيء عندما يقترب الخطر أو عندما يقترب شخص شرير، وتجعل الإنسان يفهم لغة الحيوانات والعكس، أحيانا تثير طاقة مغناطسية هائلة، وتركيبتها غامضة جدا فعندما وضعها (علاء) تحت المجهر لم يجد إلا مجموعة من المسارات المتشابكة كالمتاهة، ومهما قرب الصورة تبقى المسارات معقدة وغير مفهومة، وأيضا حوافها حادة جدا. كل هذا، والماسة التي عند (عامر) أقوى بكثير من التي عند (رولا)، والفائدة الرئيسية من اجتماع الماستين وتوحيد طاقتهما هي تنشيط برج بابل الذي يعد أقوى قوة تدميرية في العالم، ولهذا السبب كان (مهيب) يريد الحصول على الماستين ليملك هذه القدرة الهائلة فيشغل برج بابل وبذلك يحكم سيطرته على العالم.",1990.0,https://i.ytimg.com/vi/oLk3S-NBWUs/maxresdefault.jpg,7.8,25.0,TV Series
أنا و أخي,https://www.youtube.com/playlist?list=PL8t6zYIrwskR4mwP7T9bttsl5SlyIofZ0,36,يتحدث المسلسل عن ولد اسمه سامي توفيت أمه في حادث مرور وتركت له أخاه الصغير وسيم. والده يعمل موظفا بسيطا لذلك لا يجد الوقت الكافي للعناية بولديه، وهكذا يقوم سامي بترك أشياء كثيرة كان يحبها ليعتني بأخيه الصغير.,1996.0,https://upload.wikimedia.org/wikipedia/ar/4/45/%D8%A3%D9%86%D8%A7_%D9%88%D8%A3%D8%AE%D9%8A.jpg,7.8,30.0,TV Series
ماوكلي,https://www.youtube.com/watch?v=JZIPcbrYUBQ&list=PLvhuGgCxAsqG86mO0IMvaa5ipnV-w0ULJ,49,"وهنا تبدأ مغامرات الصبي ماوكلي حيث بدأ هذا النمر الأسود وصديقه الدب الطيبان بإطعام ماوكلي وتربيته. بمساعدة الذئاب أيضا فقد أخذت عائلة من الذئاب ماوكلي لتربيته بين إخوته الذئاب الصغار.

يكبر الفتى ماوكلي ويصبح غلاماً واعياً لما حوله. ولكثرة ارتباطه بالذئاب والمدة الطويلة التي عاشها معهم أصبح يستطيع التكلم معهم أي أنه يفهم لغتهم (لغة الحيوانات وليس الذئاب فقط) ولا يقتنع بأنه من البشر بل يظن نفسه من الذئاب.

ولكن في يوم احترقت الغابة التي يعيش بها الذئاب وماوكلي وهرب الجميع إلى ناحية النهر فتصدى لهم البَبْر الشرير شيريخان، وكان يريد أخذ الفتى ماوكلي لأنه يكره البشر، فجاء أبو ماوكلي (وهو ذئب) ووقف أمام شريخان يريد محاربته وللأسف استطاع شيريخان هزم الأب وقتله ولم يستطع ماوكلي فعل شيء مع إخوته الذئاب، ومن هنا بدأت كراهية ماوكلي لشيريخان والتفكير بالانتقام منه، ثم يخوض معه قتالاً ويقضي عليه ويثأر لموت أبيه أليكساندر، وفي النهاية يقرر ماوكلي العودة إلى القرية للعيش مع بني جنسه من البشر.",1989.0,https://upload.wikimedia.org/wikipedia/ar/a/a4/%D9%85%D8%A7%D9%88%D9%83%D9%84%D9%8A_%D9%81%D8%AA%D9%89_%D8%A7%D9%84%D8%A3%D8%AF%D8%BA%D8%A7%D9%84.jpg,7.5,,TV Series
النمر المقنع,https://www.youtube.com/playlist?list=PLac6irFIOYhP_bO9rQxyNLQi3Dg3N5Hol,23,"تدور أحداث الجزء المدبلج من المسلسل حول صحفي يتصنع الغباء والحماقة اسمه تامر، والذي انتحل شخصية النمر المقنع الثاني بعدما مات النمر المقنع الأول (والذي سُمي صنديد) في حادث سير عندما ضحى بحياته من أجل إنقاذ طفل صغير، تعهد هذا النمر المقنع الجديد بتخليص حلبة المصارعة من كل الشرور، وقابل في حلقات المسلسل مجموعة من المصارعين من منظمة شريرة تهدف إلى السيطرة على عالم المصارعة تسمى اتحاد مصارعي الفضاء، بعد هزيمة النمر المقنع لمجموعة من المصارعين الأقوياء قابل في الحلقة الأخيرة رئيس المنظمة، والذي يدعى سترونغر، وبعد اعتراف سترونغر بالهزيمة في المباراة النهائية أفصح النمر المقنع للجميع عن هويته الحقيقية، ثم تابع المباراة مع سترونغر الذي أصيب أثناء المباراة بذبحة صدرية توفي على إثرها.

تنتهي السلسلة بزواج تامر (النمر المقنع) بزميلته في العمل ميادة، والتي كانت تحبه على الرغم من أن الجميع يسخر منه، ولكنها الآن ازدادت حباً له بعد أن عرفت بأنه هو نفسه النمر المقنع.",1981.0,https://cdn.arabiccartoon.org/wp-content/uploads/2022/07/arabic-cartoon-%D8%A7%D9%84%D9%86%D9%85%D8%B1-%D8%A7%D9%84%D9%85%D9%82%D9%86%D8%B9-banner.jpg,7.4,23.0,TV Series
الفتى النبيل,https://www.youtube.com/playlist?list=PLy4PR9qtbxzMcCqhDkRoUjw1LN_XAEfot,83,"المسلسل هو في الأصل رواية للمؤلفة الأمريكية فرانسيس هودسون برنيت (بالإنجليزية: Frances Hodgson Burnett)‏ بعنوان «اللورد الصغير فونتلروي» تحكي قصة صبي (سيدريك) الثري ويعيش مع والده وأمه في الولايات المتحدة، يتوفى والده بسبب المرض، عندها يسافر إلى إنكلترا مع والدته إلى قصر جده الثري، ثم يفترق عنها لأن الأم ليست من عائلة نبيلة، وتزوجها والده بدون موافقة الجد.

الكاتبة فرانسيس هودسون برنيت هي نفسها صاحبة رواية «الأميرة الصغيرة» التي أيضا تبنتها شركة نيبون أنيميشن لتصبح مسلسل الأنمي سالي.",1998.0,https://upload.wikimedia.org/wikipedia/ar/7/7f/%D8%A7%D9%84%D9%81%D8%AA%D9%89_%D8%A7%D9%84%D9%86%D8%A8%D9%8A%D9%84.jpg,,45.0,TV Series
سابق و لاحق,https://www.youtube.com/playlist?list=PL-Ot9T_B8cST2IsoSQZvbYaW2aB_cidCf,19,"الأنمي يحكي عن طفلان يحلمان أن يفوزا بلقب العالم في رياضة السيارات. الأول سابق وهو متهور ومغرور ولكنه طيب جداً وفكاهي أيضاً ولديه حماس كبير، والثاني لاحق وهو محترم ومجتهد ومتواضع.

وقد كانا لاعبان مبتدئان حتى التقيا بالدكتور عاقل وقد كان ذكياً ومصنعاً للسيارات الصغيرة وأعجب بهما فدعاهما إلى تجربة سياراته وأعطى لكل واحد منهما سيارته وقد عدلا على الشكل فأصبح لكل منهما سيارة سباق جديدة، الأولى للاحق واسمها سونيك والثانية لسابق وهي ماغنام.

بعدها يلتقيان بشاب يدعى الصاعق صاحب سيارة نوراي داجا وقاما بسباقه فازت سيارته ثم التقيا بنكش وشخص غني له أخت مزعجة. وبعد ذلك التقوا بالطير وكان يومها عدواً لهم ويكرههم لكنه لاحقاً انضم إليهم وكونوا فريق الاتحاد ثم دخل الفريق في البطولة العالمية وفي آخر سباق استطاع سابق أن يحقق لفريقه الفوز على الفرق الثلاثة الأولى وصار هو الفريق الأفضل عالميا ومحليا.",1996.0,https://upload.wikimedia.org/wikipedia/ar/f/f9/%D8%B3%D8%A7%D8%A8%D9%82_%D9%88%D9%84%D8%A7%D8%AD%D9%82.jpeg,7.1,25.0,TV Series
هيرو إنسايد,https://www.youtube.com/playlist?list=PL8I2nc3yN0avpfeo_oEuzG6akKwjzsIDF,11,سوبر سكوت، أقوى شرير في الوجود، عاد بالانتقام. في نهاية الموسم، شاهد مايك ولوسي يواجهان الشرير الخارق بشكل لا يصدق في أكثر معركة مهلكة حتى الآن.,2024.0,https://i.ytimg.com/vi/S_3WJApgiWE/maxresdefault.jpg,,,
أبطال النينجا,https://www.youtube.com/watch?v=3CV7ZMRGnXk&list=PL0OQj_Md8LweIlR9kXOzw6MyUy7RgOAkf,26,تبدأ القصة في إحدى شوارع نيويورك عندما كادت شاحنة تحمل مادة غريبة أن تدهس رجلاً أعمى فركض فتى لينقذه فدفع فتى يحمل أربعة سلاحف، استطاع الرجل أن ينجو لكن سقطت السلاحف مع المادة الغريبة من الشاحنة في مجاري نيويورك، وكان الجرذ سبلتنر قد رأى الحادثة ثم تبع السلاحف إلى المجاري وسرعان ما بدأ تأثير المادة على السلاحف سبلتنر هو جرذ يمتلك ذكاء وصفات مميزة وقد تعلم من أحد مدربي النينجا الأقوياء والذي كان يدعى يوشي الذي قام شردر بقتله أمام سبلتنر، ثم لاحظ سبلتنر نمو أجزاء وأعضاء جسمه وأجسام السلاحف بشكل كبير ثم أستطاعت أجسامهم بفعل المادة الغريبة المشي على قدمين بكل سهولة والتكلم أيضا، ومع نمو السلاحف وكبرهم أتخذوا سبنتلر كأب لهم وقام سبنتلر بتسمية السلاحف بأسماء وجدها في أحد كتب عصر النهضة وسمى كل واحد منهم بالأسماء التالية وهي ليوناردو، رافاييل، مايكل أنجلو، ودوناتيلو، وقام سبنتلر بتعليم السلاحف الأربعة فنون النينجا وفن القتال والدفاع عن النفس، وبالطبع لم يظهر السلاحف على سطح الأرض إلا في الحلقة الأولى عندما تقاتلوا مع عصابة التنين الأرجواني.,2003.0,https://upload.wikimedia.org/wikipedia/commons/thumb/3/3f/Teenage_Mutant_Ninja_Turtles_%285234965966%29.jpg/440px-Teenage_Mutant_Ninja_Turtles_%285234965966%29.jpg,7.9,30.0,TV Series
عائلة هابوز,https://www.youtube.com/playlist?list=PLgvDkUBbUAV36L5TzH_ZxEA2TgZS0bHFV,20,عائلة هابوس ليست عائلة عادية بل مجموعة من أفراس النهر. كل أفراس النهر لها شخصية مرحة مختلفة. تعيش هذه الحيوانات في حديقة سفاري، ورغم أنها تتصرف بشكل جيد أثناء النهار وتسمح للزوار بالتقاط صور لها، إلا أنها عندما تغلق الأبواب، تبدأ في خوض مغامرات مضحكة للغاية! إنها لطيفة للغاية، وسعيدة دائمًا وتحب الحفلات. انضم إلى عائلة هابوس لتستمتع بلحظات مرحة مضمونة ومغامرات جديدة كل يوم خميس وسبت.,2017.0,https://cdn6.aptoide.com/imgs/e/f/2/ef2e2fcea33e3cb0f16030dfea5241c5_screen.jpg?w=325,,6.0,Youtube Series
فتيات القوة,https://www.youtube.com/playlist?list=PLOKM5r_ymeqhLTY4-wxU52-zZuqbN2Lmx,31,يركز المسلسل على ثلاث فتيات في سن الروضة، بلوسوم وبابلز وباتركاب، اللاتي يتمتعن بقوى خارقة ويعشن في مدينة تاونسفيل الخيالية. مبدعهن هو العالم **البروفيسور أوتونيوم**، وكثيرًا ما يستدعيهن عمدة المدينة لمحاربة المجرمين والأعداء باستخدام قواهن الخارقة.,1998.0,https://upload.wikimedia.org/wikipedia/commons/thumb/3/3b/%D8%B4%D8%B9%D8%A7%D8%B1_%D9%81%D8%AA%D9%8A%D8%A7%D8%AA_%D8%A7%D9%84%D9%82%D9%88%D8%A9.png/560px-%D8%B4%D8%B9%D8%A7%D8%B1_%D9%81%D8%AA%D9%8A%D8%A7%D8%AA_%D8%A7%D9%84%D9%82%D9%88%D8%A9.png,,20.0,TV Series
ميراكيلوس,https://www.youtube.com/playlist?list=PLeFFnqFa9AVQKaAsbPj5yKuFO57MYsteX,32,تدور القصة حول الفتاة مارينت ذات عمر السادسة عشر عامًا ابنة خبازين متواضعين من ضواحي فرنسا، وإدريان أجريست فتى الإستعراضات ابن «ملك الموضة» جابريال أجريست حيث يتحول كل منهما إلى شخصيته السرية الخفية عن عيون أهل فرنسا لصورتهم العادية عن طريق ما يعرف باسم الميراكولوس وهي جواهر متصلة بكائنات حية تدعى الكوامي، فتتحول مارينت إلى شخصيتها السرية الخارقة الدعسوقة وتأخذ صفات الكوامي الخاص بها تيكي بينما يتحول إدريان إلى شخصيته الخارقة القط الأسود عن طريق الكوامي الخاص به وهو بلاغ لكي يصدوا هجوم هوك موث وهو عدوهم الشرير الذي يحاول سرقة ميراكولوس الدعسوقة والقط الأسود.,2015.0,https://img10.hotstar.com/image/upload/f_auto/sources/r1/cms/prod/2130/1262130-i-46aa8bb88172,,30.0,TV Series
بابار,https://www.youtube.com/watch?v=eGGgMHj4qSY&list=PLex8lf-8pikN_trO0UUPvHV5DDA6DuqCx,26,مسلسل كرتوني يدور حول عائلة الفيل بابار وحياته داخل القصر والمملكة وأصدقائه في الغابة، والعلاقة الوثيقة التي تجمعه برفقائه من الفيلة، وما يفعله مع أبناء مجتمعه.,1989.0,https://i.ytimg.com/vi/BwRtzDVS84U/maxresdefault.jpg,6.5,30.0,TV Series
4,https://www.youtube.com/playlist?list=PL_mO2-UJicIldj6rEuM941BteSjbU-_ka,52,سيمبا هو ابن موفاسا وسرابي، وعمه سكار شريك زيرا، وسمبا أيضاً شريك نالا، وأب كيارا شريكة كوفو (لا تظهر شخصية كوفو إلا في «الأسد الملك: الست مغامرات الجديدة»). وهو ذو فراء ذهبي يتحول لبني محمر عندما يكبر سمبا. ويأتي الاسم «سمبا» من السواحلية وتعني الأسد. شخصية سمبا مستوحاة من شخصية بامبي التي ظهرت في فلم اخر لديزني عام 1942، يقال أيضا إن الشخصية مستوحاة من قصص النبيين موسى ويوسف في الانجيل، كما توجد سمات شبه كثيرة بين سمبا وشخصية هامليت في رواية شكسبير. عام 1997 في برودواي أُدت مسرحية موسيقية مستوحاة من الفيلم.,1995.0,https://s1.dmcdn.net/v/MDStC1Vo0v-lY-KjZ/x1080,6.6,26.0,TV Series
سلام دانك,https://www.youtube.com/playlist?list=PLsRjJU7bpV8FQeEggFl-YE2QKKbm8vKd0,73,"تَدور أحداثُ المُسلسَل حول طالب فاشل يدعى «حَسان» (هاناميتشي ساكوراجي) وكَيفِية تَحولهُ مِن طالبٍ بِلا أهداف ومبتدئ إلَى لاعب جيد في «فَريق الصُقور» (شوهوكو) بِـطريقة طَرِيفة وجَميلَة ومُشّوِقة، حَيث أثار إعجَاب الكَثيرين مَع أنهُ فِي أول مُبارَياته كَان يُطرَد بِـخمس أخطَاء ولكِن الجُمهور لا يهتمُ لِذلك لانهُ يقدم عَرضًا مُمتِعًا أمّا بَاقي لاعِبي الفَريق هم: «فادي، سعد، جواد، بدر وسهيل»
كل منهم له قصته في الانضمام إلى الفريق وقصتهم عند وصولهم إلى البطولة.",1993.0,https://upload.wikimedia.org/wikipedia/ar/8/8f/%D8%B3%D9%84%D8%A7%D9%85_%D8%AF%D8%A7%D9%86%D9%83.jpg,8.7,22.0,TV Series
الرمية الملتهبة,https://www.youtube.com/playlist?list=PLPcqe9_HNzZ9BdynsYUOzvuzj6qoY8QfH,30,تتحدث القصة عن رحلة سامي على درب أبيه البطل الراحل رعد الذي وصاياه معه في ممارسة رياضة كرة اليد الخارقة. كان الجميع يسخر منه في البداية لقصر قامته لكن في الملعب يصبر لاعبا صنديدا عالي الأخلاق الرياضية. يكتشف سامي تدريجيا في نفسه مهارة كانت لأبيه تسمى بالرمية الملتهبة وأثناء محاولته لتنفيذها يلتقي بخصوم وأصدقاء جدد.,1991.0,https://upload.wikimedia.org/wikipedia/ar/d/d3/%D9%85%D9%84%D8%B5%D9%82_%D8%A7%D9%84%D8%B1%D9%85%D9%8A%D8%A9_%D8%A7%D9%84%D9%85%D9%84%D8%AA%D9%87%D8%A8%D8%A9_%28%D8%B3%D8%A8%D9%8A%D8%B3%D8%AA%D9%88%D9%86%29.jpeg,7.2,30.0,TV Series
صاحب الظل الطويل,https://www.youtube.com/playlist?list=PLgYMhZ-uk1YkyzbdFUjP7EFQZUH7FTWdw,40,"تدور أحداث المسلسل حول فتاة يتيمة اسمها جودي أبوت، حصلت على منحة للدراسة في مدرسة لينكولن الثانوية من قبل شخص لا تعرفه اسمه المستعار هو جون سميث كانت تلقبه جودي بـ«صاحب الظل الطويل» كونها لم يسبق لها أن رأت سوى ظله. المقابل الوحيد الذي اشترطه سميث على جودي مقابل المنحة هو أن تقوم بمراسلته مرة واحدة كل شهر، بدون أن تتوقع ردا منه على رسائلها بالضرورة.

المسلسل يروي تفاصيل ثلاث سنوات من حياة جودي، ابتداء من مغادرتها لدار الأيتام وحتى تخرجها من المدرسة الثانوية.",1990.0,https://encrypted-tbn0.gstatic.com/images?q=tbn:ANd9GcSLcZX0w9LJ8OONKZa1VKwLH8Y7eYkt-2Feuw&s,8.1,24.0,TV Series
ساندي بل,https://www.youtube.com/playlist?list=PL89Yxngm3xQKTp72Pd5NXonXGNtyRMxJD,47,قصة مسلسل ساندي بل ساندي بل هي فتاة صغيرة تعيش في اسكتلندا مع والدها الذي يربيها بمساعدة جيرانه السيد والسيدة سكوت، ولساندي كلب كبير في الحجم يدعى أوليفر، حيث تقضي أغلب وقتها في اللعب مع أوليفر وأصدقائها، تتصف ساندي بأنها فتاة شقية، ففي الحلقة الأولى فقط تتلقى مربيتها السيدة السكوت عدَّة شكاوى من الجيران بخصوص ما تفعله ساندي بأبنائهم الذين يرجعون إلى البيت بثياب متسخة كل يوم بعد أن يلعبوا أو يتعاركوا مع ساندي. كما يبرز صراع بين ساندي بل وفتاة من أسرة ارستقراطية تدعى الآنسة كيتي التي تسعى للزواج من مارك ابن أصحاب القصر القديم، ويبدأ هذا الصراع نتيجة محبَّة ساندي بل للحيوانات، حيث تقوم ساندي بل بإنقاذ حمل صغير كادت تدهسه سيارة الآنسة كيتي، وفي نفس اليوم تخرج الآنسة كيتي مع سائقها لصيد الطيور بينما تكون ساندي بل مستلقية عند البحيرة، فيسقط طائر مصاب قريباً منها وترفض أن تعطيه للآنسة كيتي. وعندما يحاول السائق أن يأخذ الطائر بالقوة ينطلق الكلب أوليفر ويطرحه أرضاً... ثم تذهب الآنسة كيتي إلى مدير المدرسة لتشتكي من الفتاة التي سرقت صيدها، لكن الأستاذ كريستي والد ساندي يقف في صفِّ ابنته، ولم يكن هذا الحدث إلا تمهيداً للعلاقة الشائكة بين ساندي بل والآنسة كيتي مع اختلافات كبيرة بين الفتاة الريفية المرحة والآنسة الأرستقراطية المتعجرفة. والدة ساندي بل ساندي لا تعرف والدتها، كلُّ ما تعرفه عنها هو ما قاله لها والدها الأستاذ كريستي أنَّها مرضت وماتت منذ زمنٍ بعيد فانتقل مع ابنته إلى هذه القرية، لكنَّ السيد كريستي يرفض أن يخبر ساندي تفاصيل كثيرة عن والدتها، فيما تعيش الفتاة الصغيرة حالة من الحنين لأمِّها تتطور أكثر بعد أن تتعرف إلى الكونتيسة ويلنغتون.,1981.0,https://upload.wikimedia.org/wikipedia/ar/c/c3/%D8%B3%D8%A7%D9%86%D8%AF%D9%8A_%D8%A8%D9%84.jpg,7.7,24.0,TV Series
سالي,https://www.youtube.com/playlist?list=PLWxk9zXhhrpPlYCzvZcpVFviFFoyaJHjz,46,تتحدث القصة عن فتاة من أب بريطاني تعيش في الهند وأم فرنسية درست في بريطانيا عندما كبرت في فترة 1885، ولكن مات والدها من حمى شديدة وأخبرها محامي والدها، أن والدها أعلن إفلاسه وأنه سوف يأخذ كل شيء وأخذتها مديرة المدرسة لتجعلها خادمة في مدرستها. وبعد وقت طويل، وجدت صديق والدها الذي كان يبحث عنها منذ زمن وأخذت إرثها وإرث صديق والدها لأنه لايملك أطفالاً وعدها مثل ابنته. قامت الكاتبة فرانسيس هودسون برنيت عام 1888 بنشر الرواية تحت عنوان «سارا كريو». ثم أعيدت صياغتها في عام 1905 إلى عنوان «الأميرة الصغيرة»، التي حولت إلى مسلسل تلفزيوني بعنوان سالي ولاقت صدى كبيراً.,1985.0,https://upload.wikimedia.org/wikipedia/ar/3/39/Sally_1.jpg,7.8,24.0,TV Series
يحيا انجلو,https://www.youtube.com/playlist?list=PL5liiM8Xi_WWTK2hdxeaw-XxVbHRYm3Uh,67,"في سن الثانية عشر، انجلو هو شاب صغير لكي يسمى رجلاً حكيماً لكنه بالتأكيد يتصرف جيدا على طريقته. من خطط مفصلة وواضحة لاستراتيجيات مصورة، أنجلو يتحدث بطريقة حلوة ويعمل له طريقه نحو مختلف الخصوم والمشاكل. انه عبقري مع موهبة للخروج من المتاعب.

هو طفل من النوع الذي يتوقف في اللاشيء، وغير متردد بأي شيء من المشاكل التي وضعت في طريقه. و أكبر تحديات، وأكبر الخطط . و لكن أنجيلو بدون خطة؟ لا يمكن تصوره.

بالتأكيد، انه لديه عقبات معتادة - من الأشقاء والآباء وقوانين المدرسة. ليس لديه ماذا؟ هو ليس لديه أي الاعتماد على القوى العظمى، فقط ذكائه.",2014.0,https://upload.wikimedia.org/wikipedia/ar/8/8a/Angelo_Rules_logo.png,,30.0,TV Series
توب بليت,https://www.youtube.com/playlist?list=PLOQKcZPcwZeNxguoleypavyZizJJS3d8E,39,هو مسلسل أنمى كوري عُرض لأول مرة في 2013. تمت دبلجة المسلسل للغة العربية وعرض على قناة سبيستون سنة 2015. وهو عن مجموعة من الشخصيات تحترف لعبة البلابل، تدور قصة المسلسل عن مشاركة هذه الشخصيات في البطولات والدوريات المختلفة.,2015.0,https://i.ytimg.com/vi/Na6a25oYc7A/hq720.jpg?sqp=-oaymwEhCK4FEIIDSFryq4qpAxMIARUAAAAAGAElAADIQj0AgKJD&rs=AOn4CLDxWSBQaEjoBU0U6emWBOMWu4zK3w,,20.0,TV Series
شوت,https://www.youtube.com/playlist?list=PLk-lyyZXy5xmDi0JT1L-DQcx07EDK8PTG,39,إنها قصة اللاعب شامل وأصدقاءه وهي قصة واقعية جميلة ومؤثرة، وقد كان شامل منذ طفولته يحلم بأن يصبح لاعب كرة قدم ماهر وقد أشترك معه في حلمه أصدقاءه وهم وليد ورافع وقريبته حسناء وهو وأصدقاءه كانوا يلقبون بالثلاثي الخطير وقد كان متصلاً بهم لفترة طويلة لكنهم تفرقوا عن بعضهم بعد فترة ولكنهم عادو للظهور لمساعدة شامل فيما بعد وقد ألتحق شامل بفريق المدرسة الثانوية للعب كرة القدم وكذلك صديقاه وهنا تبدأ القصة الرائعة.,1993.0,https://upload.wikimedia.org/wikipedia/ar/d/d9/%D8%B4%D9%88%D8%AA.jpg,7.3,30.0,TV Series
نقار الخشب,https://www.youtube.com/playlist?list=PLrCpAz3zkqzwZkfPmnRT91Fupm1xGdjlt,40,وودي وود بيكر هو شخصية رسوم متحركة ويتمثل في طائر نقار الخشب يتميز بذكاءه وبضحكته الرنانة، تم إنتاجه في عام 1940، وقام بابتكار الشخصية والتر لانتز وبين هارداواي وأليكس لوفي وتم توزيعها من قبل إستوديوهات يونيفيرسال,1940.0,https://upload.wikimedia.org/wikipedia/ar/3/3f/Woody_Woodpecker.png,,,TV Series
موكا موكا,https://www.youtube.com/playlist?list=PLbwI0LE0f2MG8LVLBcwScY5XDlD7yJkG4,19,هو مسلسل أنمي ياباني تلفزيوني، أنتج في اليابان عام 1993 بواسطة شركة نيبون أنيميشن، مكون من 51 حلقة. مسلسل موكا موكا هو في الأصل سلسلة مانغا للمؤلفة يوميكو إيغاراشي نشرت في مجلة تشاو اليابانية بين مارس 1993 وسبتمبر 1994، تدور أحداثها حول الفتاة إيوبي شيكاتاني وصديقها الديناصور موكا موكا.,1993.0,https://i1.sndcdn.com/artworks-000091289123-7fo1rx-t500x500.jpg,6.7,,TV Series
همتارو,https://www.youtube.com/playlist?list=PLQYvo6tUowb68J-u3eveS5C_tPUmV7t-5,27,تدور أحداث القصة حول هامستر صغير يدعى همتارو يعيش في بيت مالكته لورا. بعد انتقال عائلة لورا إلى منزل جديد، إلتقى همتارو بالهمستر أكسنارف، بعدها ببوسو، ويقررو تكوين ناد للهمسترات. وهنا تبدأ المغامرات حيث تنضم هامسترات جدد للنادي ويعيشون مغامرات جميلة.,2000.0,https://upload.wikimedia.org/wikipedia/ar/d/de/%D9%87%D9%85%D8%AA%D8%A7%D8%B1%D9%88.jpg,6.3,30.0,TV Series
مغامرات نغم,https://www.youtube.com/playlist?list=PLSbwQshQA44mb5_aDfI_g2tU8Qtp0t_YO,50,"القصة تحكي عن فتاة أتت من كوكب آخر «تشنكسو» تمر بالأخطار مع صديقها القزم«سمير» وصديقاها الطفلان الصغيران ويمرون بأشياء عجيبة مع صديقتهما نغم. هذه القصة تبدأ عن طفلان، Yuuri وKen أو بالعربية رزان ويزن وهذان الطفلان
يعرفان مخلوقان قدما من كوكب آخر هو كوكب الأزهار flower هما نغم Maribell تامبو tanbarin يملكان قوى وذكاء وأفكار ودائما تحدث في المدينة مغامرات بسببهم.",1992.0,https://upload.wikimedia.org/wikipedia/ar/8/80/%D9%85%D8%BA%D8%A7%D9%85%D8%B1%D8%A7%D8%AA_%D9%86%D8%BA%D9%85.jpg,7.4,24.0,TV Series
المخترع الصغير,https://www.youtube.com/playlist?list=PLKpsA84aBmHPGbQSD3YJEqUps20oXFQhs,51,تدور أحداث المسلسل حول الفتى كرم وهو ذكي جدًا ويسميه أصدقائه بالمخترع الصغير حيث يعمل كل يوم على اختراع جديد يساعد به الاخرين في حياتهم اليومية.ويخترع روبوت يساعده فيما بعد في جميع اختراعاته، وفي كل حلقة نرى اختراعًا جديدًا لمخترعنا الصغير كرم ولا تخلوا من المغامرات والطرائف.,1988.0,https://upload.wikimedia.org/wikipedia/ar/0/08/%D8%A7%D9%84%D9%85%D8%AE%D8%AA%D8%B1%D8%B9_%D8%A7%D9%84%D8%B5%D8%BA%D9%8A%D8%B1.jpg,7.3,25.0,TV Series
الضربة المزدوجة,https://www.youtube.com/playlist?list=PL-q6-bai3_dCj4aUW4oBPo7gBeDlSZmnS,18,ينتشر الشر في الأرض ويعم الفساد وتسود الفوضى ولكن بقدوم الأخوين وضربتهم المزدوجة يتعاونان ضد اللهب الأسود لحماية نادي التنين. تجري الكثير من المشاحنات مع الأعداء الذين يحاولون بشتى الوسائل أن يقضوا على الحقيقة والعدالة ولكن أبطالنا يقفون لهم بالمرصاد ويتصدون لجميع خططهم الشريرة.,1993.0,https://upload.wikimedia.org/wikipedia/ar/3/37/%D8%A7%D9%84%D8%B6%D8%B1%D8%A8%D8%A9_%D8%A7%D9%84%D9%85%D8%B2%D8%AF%D9%88%D8%AC%D8%A9.jpg,6.2,30.0,TV Series
نصف بطل,https://www.youtube.com/playlist?list=PLxI4FwRLmVpTx1RMEg1oTUnzHlneo088C,50,نصف بطل هو عنوان قصة صبي عمره 10 سنوات ولاعب كرة قاعدة مثل أبيه.,1990.0,https://www.arabic-toons.com/images/anime/cat_1450218408.jpg,,30.0,
صقور الأرض,https://www.youtube.com/playlist?list=PLENX-FUnNPFWXg4_7QC3PmCon1YVOYaxB,49,تجري الأحداث قبل حوالي 1800 عام في الصين، حين بدأ يضعف حكم سلالة الهان واندلعت حربٌ أهلية طاحنة في ربوع البلاد ما أدى إلى انقسامها إلى ثلاث ممالك، وبطل هذه القصة هو «عبد الرحمن» (ليو باي) وهو شابٌّ قروي بسيط يحاول أن يرجع الحكم لإمبراطورية هان مع صديقيه «حمزة» (كوان يو) و«حكمت» (جانغ فاي) وكلاهما عاهداه على الأخوة الأبدية للعمل على توحيد البلاد وإعادة السلام إليها، ولكن «عبد الرحمن» يواجه عقبات كثيره وأولها عدم وجود الجيش القوي الذي يمكنه من تحقيق حلمه فيبدأ المتطوعون بالانضمام إليه حتى يشكل «عبد الرحمن» قوه لا يستهان بها، ومن أشد خصوم «عبد الرحمن» هو «تسو تسو» (تساوتساو) وهو رجل ذو طموح لا محدود، فهو يريد السيطرة على كل البلاد بأي ثمن كان، فيغتال ويغزو ويبطش دون أن يهتم برجاله وبحب الناس له ولكن أكبر همه السيطرة على جميع البلاد غير أن «تسو تسو» يقوم بالتحالف مع «عبد الرحمن» حتى يتمكنوا من القضاء على «لوبو» (لو بو) الذي أصبح خطراً يهدد البلاد وبعد أن ينتهي «تسو تسو» و«عبد الرحمن» من القضاء على «لوبو» يعودان للقتال بينهما لكن «عبد الرحمن» يستعين في تلك المرحلة بالمخطط البارع «برهان» (جوكيه ليانغ) ليساعده للانتصار على «تسو تسو».,1992.0,https://upload.wikimedia.org/wikipedia/ar/0/0f/%D8%B5%D9%82%D9%88%D8%B1_%D8%A7%D9%84%D8%A3%D8%B1%D8%B6.jpg,7.4,15.0,Video Game
منصور,https://www.youtube.com/playlist?list=PLgvDkUBbUAV3K19lykgxmWo9eq-saUQAj,24,تدور أحداث المسلسل حول منصور، وهو شاب متحمس وفضولي ومخترع يبلغ من العمر 12 عامًا يميل إلى عيش الحياة على أكمل وجه. طوال المسلسل، يجد منصور نفسه في مغامرات عديدة مع أصدقائه سالم وعبيد وتركي وعائلته، حيث يقوم منصور بتعليم الجمهور أخلاقًا ودروسًا مهمة على طول الطريق.,,https://upload.wikimedia.org/wikipedia/ar/5/5e/%D8%B4%D8%B9%D8%A7%D8%B1_%D9%85%D9%86%D8%B5%D9%88%D8%B1.png,,20.0,TV Series
زورو,https://www.youtube.com/playlist?list=PLy3-6KnkGqb84JQa9b9Na7keUxIfcv9y5,36,"زورو هو رياضي رشيق وبهلوان، وذلك باستخدام السوط كونه مثل لاعب الجمباز يجيد التأرجح من خلال الفجوات بين أسقف المدينة، وقادر على الهبوط من ارتفاعات كبيرة ويسقط بدون تردد. على الرغم من انه هو المبارز الرئيسي والقادر على إصابة الهدف فقد أظهر أكثر من مرة مهارته في القتال الأعزل ضد معارضين أشداء.

وقد أتاح له حساب البراعة والدقة والتكتيك أن يستخدم ما لديه من سلاحين رئيسيين، سيفه والسوط، كامتداد ليده الماهرة. انه لم يستخدم القوة الغاشمة قط، ولكن له تصرف الثعلب الماكر في استعمال العقل وتقنية جيدة لممارسة قهر الخصم.",1997.0,https://upload.wikimedia.org/wikipedia/ar/thumb/a/a4/Roronoa_Zoro.jpg/208px-Roronoa_Zoro.jpg,6.5,30.0,TV Series
عبقور,https://www.youtube.com/playlist?list=PL5DmfvC7nJkEU_JpQNDpy9_ei6PnJT9Bq,35,يتم إرسال دورايمون في الوقت المناسب من قبل صبي صغير يدعى سيواشي نوبي لتحسين ظروف جده نوبيتا، حتى يتمتع نسله بمستقبل أفضل. في الإطار الزمني الأصلي، لم يتمتع نوبيتا شيئًا سوى البؤس والسوء الذي تجلى في شكل درجات رديئة للغاية طوال حياته. ويبلغ هذا ذروته بإحراق عمل مستقبلي أنشأه وهو ما يجعل خط عائلته تعاني من مشاكل مالية. من أجل تغيير التاريخ وتحسين ثروات عائلة نوبي، أراد سيواشي في البداية أن يرسل روبوتًا فائقًا إلى الماضي لحماية نوبيتا، لكن بسبب التكاليف لم يتمكن إلا من شراء روبوت آلي غير مُكتمل بشكل مُجسم قطة آلية سُميت دورايمون.,1979.0,https://blogger.googleusercontent.com/img/b/R29vZ2xl/AVvXsEjLyHcFpbrKlSDupLGscHgQ6g2vUQqoRWSn2BDcD6mpEScGxZIW_zAvj1Zn_OywZmJhU9vmObshzUNGvdJp9ZH7ZVd78Z0qOx-uprqQozq-NdQJSgtd0LA5p2jTrPv95-hnQnDiN_C8Rv0/s1600/%25D8%25B9%25D8%25A8%25D9%2582%25D9%2588%25D8%25B1.jpg,8.1,25.0,TV Series
أرغاي الفارس النبيل,https://www.youtube.com/playlist?list=PLfj2eTjRAdX3T5cVYQV8vWnL9mATIgT1T,27,تبدأ القصة في عامي 1250 و 2075 حيث تسافر الملكة الشريرة عبر الزمن لتسرق شباب إحدى الأميرات الجميلات، وتنجح الملكة في سرقة شباب الأميرة خطيبة الأمير أرغاي وتركها في نوم متصل. يسافر أرغاي عبر الزمن لإنقاذ خطيبته، ويجتمع برجل المباحث «أوسكار» وآخرين الذين قرروا مساعدته في معركته ضد الملكة وإنقاذ حبيبته. ولهزيمة الملكة وإنقاد الأميرة عليهم أن يسقوها بترياق يحتوي على 13 عنصر من العناصر فريدة من نوعها. تتكون المصاعب والتحديات عند محاولة العثور على كل من هذه المكونات عبر الزمن.,2000.0,https://upload.wikimedia.org/wikipedia/ar/5/52/%D8%A3%D8%B1%D8%BA%D8%A7%D9%8A_%D8%A7%D9%84%D9%81%D8%A7%D8%B1%D8%B3_%D8%A7%D9%84%D9%86%D8%A8%D9%8A%D9%84.jpg,8.0,24.0,TV Series
أكاديمية الشرطة,https://www.youtube.com/playlist?list=PLg18i8BkU_hOtxKPj1-ig37QmN9UC2hj2,18,يظهر كاري ماهوني (بالإنجليزية: Carey Mahoney)‏ بطلا في المسلسل مع فرقة من زملائه الشرطيين والشرطيات وكابتن الأكاديمية سريع الغضب ثاديوس هاريس (بالإنجليزية: Thaddeus Harris)‏. تقوم المجموعة بمكافحة الجرائم وحماية المدينة من اللصوص والمجرمين.,1988.0,https://upload.wikimedia.org/wikipedia/ar/thumb/2/22/%D8%A7%D9%83%D8%A7%D8%AF%D9%8A%D9%85%D9%8A%D8%A9_%D8%A7%D9%84%D8%B4%D8%B1%D8%B7%D8%A9_%D9%83%D8%B1%D8%AA%D9%88%D9%86.png/440px-%D8%A7%D9%83%D8%A7%D8%AF%D9%8A%D9%85%D9%8A%D8%A9_%D8%A7%D9%84%D8%B4%D8%B1%D8%B7%D8%A9_%D9%83%D8%B1%D8%AA%D9%88%D9%86.png,5.6,22.0,TV Series
باص المدرسة العجيب,https://www.youtube.com/playlist?list=PLNwh51cjGobNZpIhfoFQLhrT7NCr5RiHv,19,"تدور أحداث المسلسل حول مغامرات السيدة فريزل، المعلمة المبتكرة التي تأخذ طلابها في رحلات مذهلة على متن ""الباص المدرسي العجيب""، الذي يمكنه التحول إلى أي شكل ويمكنه السفر إلى أماكن غريبة ورائعة.",1994.0,https://upload.wikimedia.org/wikipedia/ar/9/96/%D8%A8%D8%A7%D8%B5_%D8%A7%D9%84%D9%85%D8%AF%D8%B1%D8%B3%D8%A9_%D8%A7%D9%84%D8%B9%D8%AC%D9%8A%D8%A8.jpg,7.8,30.0,TV Series
البؤساء,https://www.youtube.com/playlist?list=PLt_luoZum2FHxyqKbj9TSangXadLQNFwK,52,بيئة الأنيمي هي جمهوريَّة فرنسا في القرن التاسع عشر. فانتين خيَّاطة كانت تعمل في باريس، بعد موت زوجها وتسريحها من عملها باعت منزلها وغادرت باريس للبحث عن عمل في مدينة مونتفرميل برفقة ابنتها كوزيت، في تلك الفترة الصعبة كانت فرنسا تمر بضائقة فلم يكن يُسمح لمن لديهم أطفال بالعمل، لاحقًا وبعد صراع مع النفس تقرر فانتين ترك ابنتها مع عائلة تيناردييه التي عرضت عليها ذلك وتغادر لمدينة مونتريل-سور-مير للعمل في مصنع للأزرار الزجاجية أخبرها خبازٌ عن توفر فرص عمل به. رغم أن فانتين تركت مبلغًا كبيرًا من المال وكانت تقوم بإرسال المال شهريًا لعائلة تيناردييه إلا أنهم استغلوها وعاملوا كوزيت كخادمة وعرضوها لأقسى أنواع الأذى.,2007.0,https://upload.wikimedia.org/wikipedia/ar/a/a1/Les_Miserables_Arabic_Opening.jpeg,8.2,24.0,TV Series
السنافر,https://www.youtube.com/playlist?list=PL9gKglGE2NdGka5IM2zShxo8UFXqwr5K2,115,"تمثل عائلة السنافر الكثير من الشخصيات مختلفة الطباع وهم كثر فهناك بابا سنفور وسنفور الحالم وسنفور القوي وسنفور المفكر (الذي يرتدي نظارة) وسنفور الأكول وسنفور الغضبان وسنفور الكسول وسنفور الشاعر وسنفور الرسام وسنفور المازح وسنفور الموسيقي العازف وسنفور العبقري وسنفور المغرور وسنفور المزارع وسنفور المغامر وسنفور الطفل وسنفورة الجميلة.

للسنافر عدو كريه هو شرشبيل الشرير وقطه الأحمر المشاكس «هرهور» اللذان يعيشان في القلعة المهجورة. بهذه الشخصيات المحببة يتم عكس قيم مميزة للأطفال بصورة خاصة ولعموم المشاهدين من مختلف الأعمار والثقافات.",1981.0,https://upload.wikimedia.org/wikipedia/commons/thumb/4/45/Harikalar_Diyari_Smurfs_06048_nevit.jpg/520px-Harikalar_Diyari_Smurfs_06048_nevit.jpg,7.2,30.0,TV Series
مغامرات حنين,https://www.youtube.com/playlist?list=PL5CCNY54V96pMD1BvB-ZU1kBMpNDJ2EVG,38,تدور أحداث المسلسل عن فتاة اسمها حنين، تبلغ من العمر 12 سنة تأتي من كوكب بعيد. يرسلها والداها إلى كوكب الأرض لمساعدة سكانه، وحمايتهم من الأشرار. وتسكن عند إحدى العائلات، ويرافق حنين 3 حيوانات طائر وكلب وقرد. في كل مرة تتحول حنين بواسطة عصا سحرية إلى عدة شخصيات على حسب الموقف الذي تتعرض له لمساعدة الناس من الأشرار. ولدى حنين سيارة طائرة تساعدها في التنقل من مكان إلى آخر.,1991.0,https://upload.wikimedia.org/wikipedia/ar/9/96/%D9%85%D8%BA%D8%A7%D9%85%D8%B1%D8%A7%D8%AA_%D8%AD%D9%86%D9%8A%D9%86.jpg,7.8,24.0,TV Series
مسرح الحياة,https://www.youtube.com/playlist?list=PL00E1D676B210DD7C,6,يروي هذا الفيلم سيرة حياة «تشيكو» اليابانية والتي كانت تعيش في منطقة كورية واقعة تحت الاحتلال الياباني، هذه الفتاة التي عاشت طفولة استثنائية عنوانها الخوف والتشرد. كانت «تشيكو» تعيش حياة فارهة مع عائلتها وينعمون بالهناء والسعادة، إلى أن اندلعت الحرب وبدأت تتقدم شيئا فشيئا وأخذت تسلب من «تشيكو» ما هو غال على قلبها، فأخذت والدها الذي تم استدعاؤه ليقاتل في الجبهة مع صفوف جيشهم الوطني، وابتليت بعدها بوفاة أختها الصغيرة وافترقت عن صديقيتها الحبيبة «أوهانا». ولم يقف الأمر عند هذا الحد، حيث تقدمت فلول الأعداء وحاصرت مدينتهم فاضطرت هي ومن يعيش معها للهجرة متوجهين إلى المدينة التي تتمركز فيها المقاومة، وهم يقاسون معاناة طول المسافة وطريقها الوعرة وخطر فتك الأعداء بهم.,1993.0,https://upload.wikimedia.org/wikipedia/ar/5/55/%D9%81%D9%8A%D9%84%D9%85_%D9%85%D8%B3%D8%B1%D8%AD_%D8%A7%D9%84%D8%AD%D9%8A%D8%A7%D8%A9.jpg,6.9,76.0,Movie
أسرار المحيط,https://www.youtube.com/watch?v=vtNr2_ma5NI&list=PLrOePRRTvAKi7nMMDdnKEPvA7aBv1Z22E,39,"يتحدث المسلسل عن مغامرات بنت الأحد عشر ربيعا «منارة» (نانامي سيمبسون) ووالدها عالم البحار الدكتور مفيد (سكوت سيمبسون) الذي يبحث عبر المحيطات بسفينته الشراعية عن حوت العنبر المتوهج، وحكايتهم مع أنثى الأوركا أو الحوت القاتل «لؤلؤة» (تيكو) وصغيرها «شراع» (انريكو). يصحب هؤلاء في رحلتهم الاستكشافية البحار «ياطر» و «رغدة» وخادمها.

تنسجم «منارة» مع الطبيعة وأصدقاءها الحيتان الذي قطع والدها عهدا على نفسه أن يحميها من القتل العشوائي، لحد يجعلها تتمكن من التنفس تحت الماء لمدة طويلة أذهلت والدها. وكافأت إحدى حيتان العنبر المتوهجة أحبة الطبيعة بإنقاذ حياتهما في النهاية حيث كانا في غواصة عالقين بين جبلين جليديين فتأتي لؤلؤة وتضرب الغواصة برأسها وتحررها مما كانت عالقة به لكنها تموت فتحزن منارة عليها كثيرا وتكون نهاية القصة محزنة.",1994.0,https://upload.wikimedia.org/wikipedia/ar/6/65/%D8%A7%D8%B3%D8%B1%D8%A7%D8%B1_%D8%A7%D9%84%D9%85%D8%AD%D9%8A%D8%B7.jpg,7.7,24.0,TV Series
فلونة,https://www.youtube.com/playlist?list=PL8t6zYIrwskTGoF9otP2QsqtOtQSDUGM7,19,"تدور الأحداث حول فتاة تدعى فلونة تعيش في سويسرا مع عائلتها المكونة من الأب آرنست ـ الأم آنا ـ الأخ الأكبر فرانز ـ وصغير العائلة جاك ومعهم المربية مارش.[]

في أحد الأيام يتلقى الطبيب آرنست روبنسون رسالة من صديق له في أستراليا يطلب منه الحضور إلى أستراليا والعمل هنــاك، لحاجة البلاد إلى مزيد من الأطباء بالإضافة إلى الظروف المعيشية الجيدة هناك. وقررت العائلة الرحيل إلى أستراليا.

كان الأب الطبيب روبنسون يعالج الفقراء مجاناً، في حين كانت الأم آنا ربة منزل ومعاونة للطبيب، أما الأخ الأكبر فرانز فكان يطمح لأن يصبح موسيقارا والصغير جاك.
",1981.0,https://upload.wikimedia.org/wikipedia/ar/1/19/%D9%81%D9%84%D9%88%D9%86%D8%A9.jpg,,,
بن 10,https://www.youtube.com/playlist?list=PLZ7_aOchBijqH38VCclb0ATJmHnUZVSMk,49,بن تينيسون وهو فتى في العاشرة من عمره، يحب ألعاب الفيديو، وخاصة لعبة «سومو سلامر ساموراي» يكتسب جهاز غريبة تشبه ساعة (أومنيتريكس) الذي تسمح له للتحول إلى عشرة مخلوقات غريبة مختلفة. الأشرار يلاحقون بن تن لاخذ الساعة ويقوم بن بمحاربتهم ويساعده في ذلك كل من جده وجوين، يقع أحيانًا في بعض الأخطاء، إلا أنه سرعان ما يستدرك الأمر، وينجح في إصلاح الأمور مؤدي الصوت هي:هزار الحرك، وتزيد مساعدة الناس لبن ضد أكبر خطر في الكون وهو الهايبريد ولكن بن دائما يفوز بمساعدة اصدقائه الكثر على طول حلقات المسلسل الجد ماكس جد كل من «بن» و«جوين»، ويرافقهما دائمًا في أثناء العطلة، ويساعدهما على تطوير وتنمية مهارتهما.,2005.0,https://m.media-amazon.com/images/S/pv-target-images/b35ee2e64161c3b02194239c70b8fa1a83bd7552d4e52c927c47308659fbe005.jpg,7.5,22.0,TV Series
بينك بانتر,https://www.youtube.com/watch?v=VWtly8u-6-M&list=PLH3DGplhNZKx7-xCM9IFVhlec5PBGa7FK,60,مسلسل رسوم متحركة للاطفال أمريكي والمسلسل عبارة عن حلقات منفصلة للنمر الوردي. عُرِضَ المسلسل لأول مره عام 1993 واستمر حتى 1996. دُبْلِجَ المسلسل إلى العربية بواسطة مركز الزهرة وعرض على قناة سبيس تون وعرض على شبكة المجد الفضائية في عام 2011 باسم «النمر الوردي»,1993.0,https://upload.wikimedia.org/wikipedia/ar/5/55/%D8%A8%D9%8A%D9%86%D9%83_%D8%A8%D8%A7%D9%86%D8%AA%D8%B1.jpg,6.8,30.0,TV Series
كوكوتاما,https://www.youtube.com/playlist?list=PLbwI0LE0f2MHHYwVAw5Gd37ElkSuCFFwi,86,كانت هناك طفلة تدعى «نسمة»، نظرًا لاهتمامها بأشيائها تخرج من تلك الأشياء مخلوقات تدعى «كوكوتاما»، تفاجئ «نسمة» بأول كوكوتاما يخرج من قلم التلوين الأخضر الذي يدعى «محظوظ»، فيشرح لها ماهي بيضة الكوكوتاما، ومن ذلك الحين ووقعت عقدا معه وصار «محظوظ» صديقًا وفيًا لـ«نسمة» بعدها تخرج العديد من الكوكوتاما واحدة تلو الآخرى وتصير أصدقاء نسمة لكن احيانا تقع الكوكوتاما في موقف متقارب على كشف أسرارهم لكن نسمة في كل مرة تواجه الموقف وتمنعهم بالكثير من الحيل التي تلاحظ ان حالتها غريبة,2018.0,https://upload.wikimedia.org/wikipedia/ar/0/02/%D9%83%D9%88%D9%83%D9%88%D8%AA%D8%A7%D9%85%D8%A7.jpg,,20.0,TV Series
تايني تون,https://www.youtube.com/watch?v=r0TIV3T90TA&list=PL8z83F9FkQAzk3wXFT9yq1S5CUjh9lhKZ,98,تدور القصة حول بلدة خيالية من آكمي أكيرس. حيث توجد شخصيات Looney Tunes . حضرت شخصيات أكمي في جامعة Looniversity . تتكون الجامعة من الدعائم الأساسية لها ومنهم (باغز باني، دافي، سيلفستر وغيرهم من الشخصيات الكلاسيكية). وقد تأسست الجامعة لتعليم كيفية جعل الشخصيات الكرتونية لتصبح مضحكة.,1990.0,https://upload.wikimedia.org/wikipedia/ar/b/ba/Tiny_Toon_Adventures.jpg,7.5,21.0,TV Series
جريندايزر,https://www.youtube.com/watch?v=z0QgchjAQJk&list=PLeiIoGADoj3RTdYqV797FaxVn_RcoLuv1,74,فكرة المسلسل قائمة على الصراع بين الخير والشر، يمثل الشر فيغا الكبير وهو قائد فضائي شرير يسكن في سفينته الفضائية في الفضاء الخارجي هدفه السيطرة على جميع كواكب الكون، يستخدم فيغا في هجومه على الكواكب الأخرى رجالا آليين وروبوتات ضخمة، وفي يوم من الأيام يقوم فيغا الكبير بغزو كوكب فليد المسالم لكن يتمكن دوق فليد وهو ابن ملك الكوكب فليد الهرب من خلال سرقة الغرندايزر الذي كان يطور على كوكب فليد المتقدم علمياً ويقود غرندايزر إلى الفضاء الخارجي إلى أن يسقط بعد أيام متعبا على كوكب الأرض ويعثر عليه الدكتور آمون رئيس مركز أبحاث الفضاء في اليابان ويقوم بتبني دوق فليد دون الإفصاح عن حقيقة شخصيته ويطلق عليه اسم دايسكي، تبدأ أحداث المسلسل عندما يجهِّز فيغا الكبير خطته لغزو الأرض ويتفاجأ فيغا بوجود غرندايزر على الأرض. ينضم إلى جانب دوق فليد أبطال آخرون لمساندة غرندايزر وهم كوجي ومن ثم هيكارو وماريا أخت الدوق فليد، وفي نهاية المسلسل يتمكن دوق فليد وفريقه من القضاء على فيغا الكبير وأسطوله وفي الحلقة الأخيرة يغادر دوق فليد وأخته ماريا الأرض عائدين إلى وطنهما الأصلي كوكب فليد، لكنهما يعدان أصدقائهم بالعودة في يوما ما,1975.0,https://upload.wikimedia.org/wikipedia/ar/5/5d/UFO_Robo_Grendizer.jpg,8.4,26.0,TV Series
لغز مارتن,https://www.youtube.com/watch?v=lq8Nf8tFyXU&list=PLeiUWL1iKAnDMklzFnJWHmHbrKqt4lqRn,52,يتعين على مارتن أن يوقف الحشرات الغامضة التي تهاجم بلدة نائية في ألبرتا بادلاندز بمساعدة ملكة تقذف الأحماض ونيزك مشع من مجرة ​​المرأة المسلسلة. يركز المسلسل على الشخصية الرئيسية «مارتن مستري» واخته الغير شقيقة من الأب «ديانا لومبارد».بحسب القصة فإن بعد وفاة ام مارتن تزوج والده بأم ديانا. طالبان في المدرسة الثانوية في مدينة شيربروك، جنوب مقاطعة كيبك الكندية. ويعمل الاخوان لصالح منظمة سرية يُشار لها بـالمركز (The Center). هدف المركز هو حماية كوكب الأرض من التهديدات الخارقة لطبيعة.,2005.0,https://upload.wikimedia.org/wikipedia/ar/6/67/Martin_Mystery.png,,,
مهري الصغير,https://www.youtube.com/watch?v=5dT6SwLvOLU&list=PL1nyAPNajRtTAbEnz9BrdTfdWDUSOkupl,200, الرسوم المتحركة لمسلسل التلفزيوني الأطفال ايرلندي-أميريكي على أساس امتياز هاسبرو مهرتي الصغيرة. إنه الوريث والعرض المنبثق لـ مهرتي الصغيرة: الصداقة سحر لعام 2010 وسلسلة الرسوم المتحركة الخامسة القائمة على الامتياز بشكل عام. المسلسل من إنتاج بولدر ميديا ليميتد وانترتاينمنت وان، ويتميز بأسلوب رسوم متحركة مختلف وشريحة من قصة الحياة . تركز السلسلة أيضًا على موضوع كوميدي أكثر من سابقتها. [] على عكس الصداقة سحر، تبلغ مدة كل حلقة 11 دقيقة، وتتألف من جزأين مدة كل منهما خمس دقائق. سيتم عرض المسلسل لأول مرة في الولايات المتحدة في 7 تشرين الثاني 2020 على ديسكوفيري فاميلي,2020.0,https://i.ytimg.com/vi/vA6F-rU6ras/maxresdefault.jpg,,,
ستروبيري شورت كيك 3,https://www.youtube.com/watch?v=x8hDMVxuXJE&list=PL6qIRw7Wstve29CkKRCbTLY9poojxqdOO,24,تنتقل ستروبيري للعيش في أرض ساحرة لتحقق حلمها، حيث تلتقي بأصدقاء يشاركوها أجمل المغامرات برفقة حيواناتهم اللطيفة في عالم مليء بالنكهات اللذيذة والفريدة 😋,2008.0,https://upload.wikimedia.org/wikipedia/ar/f/ff/Strawberry_Shortcake_2003_Logo.png,,,
أبناء الوطن,https://www.youtube.com/watch?v=jucHVW2s72U&list=PLKOMXgkGMN71fniShuNowevHoc_AMb2OU,10,مسلسل رسوم متحركة أمريكي. عرض لأول مره في 2 سبتمبر 2002 واستمر حتى 3 أبريل 2003. تم دبلجة المسلسل للغة العربية بواسطة مركز الزهرة وعرض على قناة سبيس تون.,2002.0,https://upload.wikimedia.org/wikipedia/ar/e/e1/%D8%A3%D8%A8%D9%86%D8%A7%D8%A1_%D8%A7%D9%84%D9%88%D8%B7%D9%86.jpg,7.9,30.0,TV Series
ساندوكان,https://www.youtube.com/watch?v=qZGI2eAbFVA&list=PLac6irFIOYhP_bO9rQxyNLQi3Dg3N5Hol,23,مسلسل رسوم متحركة اسباني ايطالي كوري حكايته مبنية على رواية ساندوكان للكاتب الإيطالي إيميليو سالغاري، عرض لأول مرة عام 1998 يتكون من 26 حلقة وتمت دبلجة المسلسل للغة العربية بواسطة إستديوهات غزال ,2006.0,https://upload.wikimedia.org/wikipedia/commons/thumb/5/53/Tigri_1900.jpg/450px-Tigri_1900.jpg,,20.0,TV Series
الثابتون,https://www.youtube.com/watch?v=JIoGpucI3pk&list=PLIIKZb16e0puypcuNxAO5bfJshNZqhPuD,12,تدور أحداث هذه السلسلة حول ثلاثة أولاد من المدرسة الابتدائية مهمتهم هي مساعدة الفتيات عند الخطر ومغامرتهم في المدرسة، وزعيم هذه المجموعة الصغيرة هو (Nokoru). تبدأ أحداث القصة في يوم بينما يلاحظ أحد الأولاد امرأة تبكي، فيهب مع صديقاه لإنقاذها وهذا ما دعاهم إلى تشكيل محققي مدرسة كلامب، بينما تتناول السلسلة حول هذا الثلاثي الخاص لمساعدة أي فتاة تكون في خطر، لكن لاحقاً تصبح المسألة أكثر جدية.,1997.0,https://upload.wikimedia.org/wikipedia/ar/2/2f/%D8%A7%D9%84%D8%AB%D8%A7%D8%A8%D8%AA%D9%88%D9%86.jpg,7.4,,TV Series
جنى,https://www.youtube.com/watch?v=bdqVPFyMFxU&list=PLKvSfuIVM6un9NbyxS7REd9eCsHyS4ez1,20,نوّار فتاة نشيطة تتصرف كالصبيان، تعيش في بيت السيدة أمينة في «تل الزهور» مع أطفال مثلها يربونهم على حسن الخلق ويتلقون العلم أيضاً ومهناً متنوعة، كما أنهم ينمّون مواهب كل واحد منهم. أمنية نوّار أن تصبح طبيبة، وقد قررت ذلك بعد أن جرّبت كثيراً من المهن والأعمال. لكن عصرها يمنع الفتاة من مزاولة مهنة الطب، وهذا قد أعطاها شعوراً بالإحباط، لكن السيدة أمينة ساعدتها على تخطي ذلك، وأقنعت الجميع بوجوب وجود فتاة طبيبة في المجتمع. وكبرت نوّار وحققت أمنيتها.,1993.0,https://upload.wikimedia.org/wikipedia/ar/d/d9/%D9%83%D8%B1%D8%AA%D9%88%D9%86_%D9%86%D9%88%D8%A7%D8%B1.jpg,7.5,24.0,TV Series
دبدوب المحبوب 2,https://www.youtube.com/watch?v=C3-D15Y-MoA&list=PLRRHefWr4tHeVxlO4Dw3_hY73J4Uq_BIg,25,دبدوب المحبوب هو مسلسل رسوم متحركة كندي من إنتاج شركة أشياء البرية للإنتاج وشركة نيلفانا، تم عرض المسلسل لأول مرة في 6 نوفمبر 1995 واستمر عرضه حتى 7 نوفمبر 2003. وتمت دبلجة المسلسل للغة العربية بواسطة مركز الزهرة وعرض على قناة سبيس تون,2003.0,https://upload.wikimedia.org/wikipedia/ar/0/02/%D8%AF%D8%A8%D8%AF%D9%88%D8%A8_%D8%A7%D9%84%D9%85%D8%AD%D8%A8%D9%88%D8%A8.jpg,,30.0,TV Series
الدراج المقنع,https://www.youtube.com/watch?v=Ws_gGyWZ5_I&list=PLY9z0L2TKhLKSKXXlxmshLium0xxBDbpw,50,تدور القصة عن كيدو شينجي الذي غير اسمه في الدبلجة العربية إلى يوجي الصحفي الذي يحصل على احدا بطاقة الدراجين فيجد نفسه وسط صراع بين الدرجين إلى حد الموت !,2002.0,https://upload.wikimedia.org/wikipedia/ar/1/14/%D8%A7%D9%84%D8%AF%D8%B1%D8%A7%D8%AC_%D8%A7%D9%84%D9%85%D9%82%D9%86%D8%B9.png,8.0,25.0,TV Series
دروبي مع دو ري مي,https://www.youtube.com/watch?v=IwdauDV_Kb4&list=PLRe6a4yTL-RJxXPbjeZkbcJnhzQBdolxu,51,"
تتحدث القصة عن فتاة تدعى رفيف تبلغ من العمر 8 سنه تحلم بأن تصبح ساحره فتتحقق لها أمنيتها عندما تدخل لأحد المتاجر, وتتعرف على فتاتان في المدرسه صفاء وليلى حيث تكشف لهم سرها أنها ساحره مبتدئة فيرغبان في الإنضام لها.
جميعهم سيخضعون لإمتحانات كي ينجحوا ليصبحوا ساحرات والتدريبات ستكون صعبة وبالطبع سيساعدهم طبطب ولالا وهم شخصيات من المسلسل وفي قانون الساحرات إن تعرف أحد من البشر على شخصيات الساحرات ستتحول الساحرة إلى ضفدع",1999.0,https://i.ytimg.com/vi/IwdauDV_Kb4/maxresdefault.jpg,6.6,24.0,TV Series
كاليميرو,https://www.youtube.com/watch?v=yNPuMdaLbSU&list=PLbwI0LE0f2MFADgQXz38UnCr7FP__EfZw,26,كاليميرو هو فرخ دجاج صغير لونه أسود، ويرتدي نصف قشرة بيضته على رأسه. كل حلقة من المسلسل هي عن حدث أو مغامرة لكاليميرو مع أصدقائه.,1992.0,https://encrypted-tbn0.gstatic.com/images?q=tbn:ANd9GcRp7vZxVZreAY-rhoSoFwEE2uv3LTavZ5K7pg&s,7.2,30.0,TV Series
أسرار الغابة,https://www.youtube.com/watch?v=y9lVXN5ogFc&list=PLQP03I9fS2V_JiB35AmiUaOc8Dn_J1o1z,24,"يقوم بسرد أسرار الغابة دب محبوب يستمتع برواية القصص المفيدة والمسلية لباقي الحيوانات التي تنصت إليه بإهتمام وعناية كبيرين ، ويقوم الدب بكشف الكثير من الأسرار التي تحيط بالغابه وشريعتها وكيفية تلائم الحيوانات في الغابة وتعايشها مع بعضها البعض. ، قصص مسلية تنتهي بعبرة أو حكمة يستفيد منه الجميع ولاسيما حين نعلم طريقة العيش في الغابة.
",1999.0,https://upload.wikimedia.org/wikipedia/ar/5/55/%D8%A3%D8%B3%D8%B1%D8%A7%D8%B1_%D8%A7%D9%84%D8%BA%D8%A7%D8%A8%D8%A9.jpg,8.7,,TV Series
الجاسوسات 1,https://www.youtube.com/watch?v=WFnUdsYFEC4&list=PLJfpX4B1O9VrImonYnuEptDVXMPckgz7W,26,الجاسوسات هن ثلاث فتيات في الثانوية أصبحن عميلات سريَّات دون قصد من هنّ، وعليهن الجمع بين أداء الواجبات والمذاكرة والالتزام الدراسي، ومهامهن كجاسوسات يحاربن الشر ويحاولن إنقاذ العالم. الفتيات الثلاثة «أليكس» و«كلوفر» و«سام» أصبحن عميلات مثاليات يتتبعن الشر مع التوأم «تيري» و«جيري»، ويتحرّرن من وصاية «ووب»، ويدْعَمْن «لاموس» ضده، وها هو «ديفيد» يعود أكثر عنفًا وشراسة مما كان عليه في الأجزاء السابقة.,2001.0,https://upload.wikimedia.org/wikipedia/ar/e/e4/Totally_Spies%21.jpg,,30.0,TV Series
الجاسوسات 2,https://www.youtube.com/watch?v=qUqog3fku-Y&list=PLJfpX4B1O9VrbFohtz4Ia_Maq2ufUjetZ,26,الجاسوسات هن ثلاث فتيات في الثانوية أصبحن عميلات سريَّات دون قصد من هنّ، وعليهن الجمع بين أداء الواجبات والمذاكرة والالتزام الدراسي، ومهامهن كجاسوسات يحاربن الشر ويحاولن إنقاذ العالم. الفتيات الثلاثة «أليكس» و«كلوفر» و«سام» أصبحن عميلات مثاليات يتتبعن الشر مع التوأم «تيري» و«جيري»، ويتحرّرن من وصاية «ووب»، ويدْعَمْن «لاموس» ضده، وها هو «ديفيد» يعود أكثر عنفًا وشراسة مما كان عليه في الأجزاء السابقة.,2006.0,https://upload.wikimedia.org/wikipedia/ar/e/e4/Totally_Spies%21.jpg,,30.0,TV Series
الجاسوسات 4,https://www.youtube.com/watch?v=52fPEOulLQ8&list=PLJfpX4B1O9VoRBfLu59PKEajmC1KY5bLF,26,الجاسوسات هن ثلاث فتيات في الثانوية أصبحن عميلات سريَّات دون قصد من هنّ، وعليهن الجمع بين أداء الواجبات والمذاكرة والالتزام الدراسي، ومهامهن كجاسوسات يحاربن الشر ويحاولن إنقاذ العالم. الفتيات الثلاثة «أليكس» و«كلوفر» و«سام» أصبحن عميلات مثاليات يتتبعن الشر مع التوأم «تيري» و«جيري»، ويتحرّرن من وصاية «ووب»، ويدْعَمْن «لاموس» ضده، وها هو «ديفيد» يعود أكثر عنفًا وشراسة مما كان عليه في الأجزاء السابقة.,2014.0,https://upload.wikimedia.org/wikipedia/ar/e/e4/Totally_Spies%21.jpg,,30.0,TV Series
الجاسوسات جميع حلقات المسلسل,https://www.youtube.com/watch?v=52fPEOulLQ8&list=PLJfpX4B1O9VoRBfLu59PKEajmC1KY5bLF,130,الجاسوسات هن ثلاث فتيات في الثانوية أصبحن عميلات سريَّات دون قصد من هنّ، وعليهن الجمع بين أداء الواجبات والمذاكرة والالتزام الدراسي، ومهامهن كجاسوسات يحاربن الشر ويحاولن إنقاذ العالم. الفتيات الثلاثة «أليكس» و«كلوفر» و«سام» أصبحن عميلات مثاليات يتتبعن الشر مع التوأم «تيري» و«جيري»، ويتحرّرن من وصاية «ووب»، ويدْعَمْن «لاموس» ضده، وها هو «ديفيد» يعود أكثر عنفًا وشراسة مما كان عليه في الأجزاء السابقة.,2015.0,https://upload.wikimedia.org/wikipedia/ar/e/e4/Totally_Spies%21.jpg,,12.0,TV Series
علماء المسلمين,https://www.youtube.com/playlist?list=PLG7hgjybLl7p430ZAycCU1y0SA1rA8ojF,18,يسلط مسلسل علماء المسلمين الضوء على سيرة رجال وعلماء أجلاّء أناروا تاريخ الأمة الإسلامية بمؤلفاتهم وإنجازاتهم في مجالات متعددة مثل الفلك والعلوم والهندسة والطب، وشكّلوا محطات بارزة في مسيرتها نحو الرقيّ والازدهار. «علماء المسلمين» عمل هامّ ومتميّز موجّه إلى الأطفال العرب والمسلمين خاصة وإلى الأسرة العربية عامة، وهو يدعو مجتمعنا العربي للرجوع إلى القيم الأساسية والتمسّك بها، مثل حب العلم وقبول الآخر والمثابرة والإخلاص.,2015.0,https://darelizza.com/sitenouveau/wp-content/uploads/2020/07/DCA-479-2D.jpg,,60.0,TV Series
سراج حروف عربية,https://www.youtube.com/playlist?list=PLLdtHbbo-dIZ2JDfD4KqBWFYItj31135H,8,هيا بنا نذهب مع راشد ونورة في رحلة  لتعلم حروف اللغة العربية، وهذه الحلقة من كارتون سراج نتعلم عن الحروف . كارتون سراج مسلسل تربوي ثلاثي الأبعاد لتعلّم الحروف الأبجدية ,2018.0,https://i.ytimg.com/vi/jEcS7xBIFQ4/mqdefault.jpg,,20.0,TV Series
رحلة الخلود - كارتون إسلامي,https://www.youtube.com/watch?v=C2dmbay1OQg&list=PLAH7U83pEqF9i3bRFZUf9z4pLleA68TO8&index=3,1,القصة الحقيقية لاصحاب الاخدود التي رواها النبي محمد صلى الله عليه وسلم مفسرا آيات سورة البروج {قُتِلَ أَصْحَابُ الْأُخْدُودِ (4) النَّارِ ذَاتِ الْوَقُودِ (5) إِذْ هُمْ عَلَيْهَا قُعُودٌ (6) وَهُمْ عَلَى مَا يَفْعَلُونَ بِالْمُؤْمِنِينَ شُهُودٌ (7)}صدق الله العظيم، وهي في زمن ملك ظالم عن فتى تعلم السحر وقابل يوما في طريقه راهبا (أو شخص متدين) وكيف آمن بالله واستطاع بذكائه وجرأته أن يكشف ألاعيب ساحر الملك وخداعه وزيف أعماله.,1992.0,https://upload.wikimedia.org/wikipedia/ar/f/f7/The_Boy_and_the_King_DVD_cover.jpg,,75.0,Film
برنامج عمر وإخوته,https://www.youtube.com/playlist?list=PL9fuSKWFtROjydWqAZh-xACVqF-ZPKst-,74,"الكرتوني الإسلامي الشهير ""عمر وإخوته"" و""عائشة وصديقاتها"" بمناسبة شهر رمضان المبارك! استمتعوا مع أطفالكم بقيم ومبادئ الإسلام من خلال هذه الرسوم المتحركة المميزة.",2023.0,https://i.ytimg.com/vi/LUBG_jApe8g/maxresdefault.jpg,,6.0,TV Series
